<?xml version="1.0" encoding="UTF-8"?>
<manifest>

  <remote  name="aosp"
           fetch="https://android.googlesource.com/" />

  <remote  name="github"
           fetch="git://github.com/"
           review="https://gerrit.slimroms.net/"/>

  <default revision="refs/tags/android-4.4.4_r2.0.1"
           remote="aosp"
           sync-j="3" />

  <remote  name="bb"
           fetch="https://bitbucket.org/" />

  <project path="build" name="SlimRoms/android_build" remote="github" revision="kk4.4" >
    <copyfile src="core/root.mk" dest="Makefile" />
  </project>
  <project path="abi/cpp" name="platform/abi/cpp" groups="pdk" />
  <project path="art" name="SlimRoms/android_art" remote="github" revision="kk4.4"  />
  <project path="bionic" name="SlimRoms/android_bionic" remote="github" revision="kk4.4" />
  <project path="bootable/bootloader/legacy" name="platform/bootable/bootloader/legacy" />
  <project path="bootable/diskinstaller" name="platform/bootable/diskinstaller" />
  <project path="bootable/recovery" name="SlimRoms/bootable_recovery" remote="github" revision="kk4.4" />
  <project path="cts" name="platform/cts" groups="cts" />
  <project path="dalvik" name="SlimRoms/android_dalvik" remote="github" revision="kk4.4" />
  <project path="developers/build" name="platform/developers/build" />
  <project path="developers/demos" name="platform/developers/demos" />
  <project path="developers/docs" name="platform/developers/docs" />
  <project path="developers/samples/android" name="platform/developers/samples/android" />
  <project path="development" name="SlimRoms/android_development" remote="github" revision="kk4.4" />
  <project path="device/common" name="device/common" />
  <project path="device/generic/armv7-a-neon" name="device/generic/armv7-a-neon" groups="pdk" />
  <project path="device/generic/common" name="device/generic/common" groups="pdk" />
  <project path="device/generic/goldfish" name="device/generic/goldfish" groups="pdk" />
  <project path="device/generic/mips" name="device/generic/mips" groups="pdk" />
  <project path="device/generic/mini-emulator-armv7-a-neon" name="device/generic/mini-emulator-armv7-a-neon" groups="pdk" />
  <project path="device/generic/mini-emulator-mips" name="device/generic/mini-emulator-mips" groups="pdk" />
  <project path="device/generic/mini-emulator-x86" name="device/generic/mini-emulator-x86" groups="pdk" />
  <project path="device/generic/x86" name="device/generic/x86" groups="pdk" />
  <project path="device/google/accessory/arduino" name="device/google/accessory/arduino" groups="device" />
  <project path="device/google/accessory/demokit" name="device/google/accessory/demokit" groups="device" />
  <project path="device/sample" name="device/sample" groups="pdk" />
  <project path="docs/source.android.com" name="platform/docs/source.android.com" />
  <project path="external/aac" name="SlimRoms/android_external_aac" remote="github" revision="kk4.4" />
  <project path="external/android-clat" name="platform/external/android-clat" />
  <project path="external/android-mock" name="platform/external/android-mock" />
  <project path="external/ant-glob" name="platform/external/ant-glob" />
  <project path="external/antlr" name="platform/external/antlr" />
  <project path="external/apache-harmony" name="platform/external/apache-harmony" />
  <project path="external/apache-http" name="platform/external/apache-http" />
  <project path="external/apache-qp" name="platform/external/apache-qp" />
  <project path="external/apache-xml" name="platform/external/apache-xml" />
  <project path="external/arduino" name="platform/external/arduino" />
  <project path="external/bison" name="platform/external/bison" groups="pdk" />
  <project path="external/blktrace" name="platform/external/blktrace" />
  <project path="external/bluetooth/bluedroid" name="SlimRoms/android_external_bluetooth_bluedroid" remote="github" revision="kk4.4-caf" />
  <project path="external/bouncycastle" name="platform/external/bouncycastle" />
  <project path="external/bsdiff" name="platform/external/bsdiff" groups="pdk" />
  <project path="external/busybox" name="SlimRoms/android_external_busybox" remote="github" revision="kk4.4" />
  <project path="external/bzip2" name="platform/external/bzip2" groups="pdk" />
  <project path="external/ceres-solver" name="platform/external/ceres-solver" />
  <project path="external/checkpolicy" name="platform/external/checkpolicy" groups="pdk" />
  <project path="external/chromium" name="platform/external/chromium" />
  <project path="external/chromium-libpac" name="platform/external/chromium-libpac" />
  <project path="external/chromium-trace" name="platform/external/chromium-trace" groups="pdk" />
  <project path="external/chromium_org" name="SlimRoms/android_external_chromium_org" remote="github" revision="kk4.4" />
  <project path="external/chromium_org/sdch/open-vcdiff" name="platform/external/chromium_org/sdch/open-vcdiff" />
  <project path="external/chromium_org/testing/gtest" name="platform/external/chromium_org/testing/gtest" />
  <project path="external/chromium_org/third_party/WebKit" name="platform/external/chromium_org/third_party/WebKit" />
  <project path="external/chromium_org/third_party/angle" name="platform/external/chromium_org/third_party/angle" />
  <project path="external/chromium_org/third_party/eyesfree/src/android/java/src/com/googlecode/eyesfree/braille" name="platform/external/chromium_org/third_party/eyesfree/src/android/java/src/com/googlecode/eyesfree/braille" />
  <project path="external/chromium_org/third_party/freetype" name="platform/external/chromium_org/third_party/freetype" />
  <project path="external/chromium_org/third_party/icu" name="platform/external/chromium_org/third_party/icu" />
  <project path="external/chromium_org/third_party/leveldatabase/src" name="platform/external/chromium_org/third_party/leveldatabase/src" />
  <project path="external/chromium_org/third_party/libjingle/source/talk" name="platform/external/chromium_org/third_party/libjingle/source/talk" />
  <project path="external/chromium_org/third_party/libphonenumber/src/phonenumbers" name="platform/external/chromium_org/third_party/libphonenumber/src/phonenumbers" />
  <project path="external/chromium_org/third_party/libphonenumber/src/resources" name="platform/external/chromium_org/third_party/libphonenumber/src/resources" />
  <project path="external/chromium_org/third_party/mesa/src" name="platform/external/chromium_org/third_party/mesa/src" />
  <project path="external/chromium_org/third_party/openssl" name="SlimRoms/android_external_chromium_org_third_party_openssl" remote="github" revision="kk4.4" />
  <project path="external/chromium_org/third_party/opus/src" name="platform/external/chromium_org/third_party/opus/src" />
  <project path="external/chromium_org/third_party/ots" name="platform/external/chromium_org/third_party/ots" />
  <project path="external/chromium_org/third_party/sfntly/cpp/src" name="platform/external/chromium_org/third_party/sfntly/cpp/src" />
  <project path="external/chromium_org/third_party/skia/gyp" name="platform/external/chromium_org/third_party/skia/gyp" />
  <project path="external/chromium_org/third_party/skia/include" name="platform/external/chromium_org/third_party/skia/include" />
  <project path="external/chromium_org/third_party/skia/src" name="platform/external/chromium_org/third_party/skia/src" />
  <project path="external/chromium_org/third_party/smhasher/src" name="platform/external/chromium_org/third_party/smhasher/src" />
  <project path="external/chromium_org/third_party/yasm/source/patched-yasm" name="platform/external/chromium_org/third_party/yasm/source/patched-yasm" />
  <project path="external/chromium_org/tools/grit" name="platform/external/chromium_org/tools/grit" />
  <project path="external/chromium_org/tools/gyp" name="platform/external/chromium_org/tools/gyp" />
  <project path="external/chromium_org/v8" name="platform/external/chromium_org/v8" />
  <project path="external/clang" name="SlimRoms/android_external_clang" remote="github" revision="kk4.4"  />
  <project path="external/compiler-rt" name="platform/external/compiler-rt" groups="pdk" />
  <project path="external/dexmaker" name="platform/external/dexmaker" />
  <project path="external/dhcpcd" name="platform/external/dhcpcd" />
  <project path="external/dnsmasq" name="platform/external/dnsmasq" groups="pdk" />
  <project path="external/doclava" name="platform/external/doclava" />
  <project path="external/dropbear" name="platform/external/dropbear" />
  <project path="external/droiddriver" name="platform/external/droiddriver" />
  <project path="external/e2fsprogs" name="SlimRoms/android_external_e2fsprogs" remote="github" revision="kk4.4"  />
  <project path="external/easymock" name="platform/external/easymock" />
  <project path="external/ebtables" name="CyanogenMod/android_external_ebtables" remote="github" revision="cm-11.0" />
  <project path="external/eclipse-basebuilder" name="platform/external/eclipse-basebuilder" />
  <project path="external/eclipse-windowbuilder" name="platform/external/eclipse-windowbuilder" />
  <project path="external/eigen" name="platform/external/eigen" />
  <project path="external/elfutils" name="platform/external/elfutils" />
  <project path="external/embunit" name="platform/external/embunit" />
  <project path="external/emma" name="platform/external/emma" />
  <project path="external/esd" name="platform/external/esd" />
  <project path="external/expat" name="platform/external/expat" groups="pdk" />
  <project path="external/eyes-free" name="platform/external/eyes-free" />
  <project path="external/exfat" name="SlimRoms/android_external_exfat" remote="github" revision="kk4.4" />
  <project path="external/fuse" name="SlimRoms/android_external_fuse" remote="github" revision="kk4.4" />
  <project path="external/f2fs-tools" name="SlimRoms/android_external_f2fs-tools" remote="github" revision="kk4.4"  />
  <project path="external/fdlibm" name="platform/external/fdlibm" />
  <project path="external/flac" name="SlimRoms/android_external_flac" remote="github" revision="kk4.4"  />
  <project path="external/freetype" name="platform/external/freetype" groups="pdk" />
  <project path="external/fsck_msdos" name="platform/external/fsck_msdos" />
  <project path="external/ganymed-ssh2" name="platform/external/ganymed-ssh2" />
  <project path="external/gcc-demangle" name="platform/external/gcc-demangle" groups="pdk" />
  <project path="external/genext2fs" name="platform/external/genext2fs" />
  <project path="external/giflib" name="platform/external/giflib" />
  <project path="external/google-diff-match-patch" name="platform/external/google-diff-match-patch" />
  <project path="external/grub" name="platform/external/grub" />
  <project path="external/gtest" name="platform/external/gtest" groups="pdk" />
  <project path="external/guava" name="platform/external/guava" />
  <project path="external/hamcrest" name="platform/external/hamcrest" />
  <project path="external/harfbuzz" name="platform/external/harfbuzz" />
  <project path="external/harfbuzz_ng" name="platform/external/harfbuzz_ng" />
  <project path="external/hyphenation" name="platform/external/hyphenation" />
  <project path="external/icu4c" name="SlimRoms/android_external_icu4c" remote="github" revision="kk4.4" />
  <project path="external/iproute2" name="platform/external/iproute2" groups="pdk" />
  <project path="external/ipsec-tools" name="platform/external/ipsec-tools" />
  <project path="external/iptables" name="platform/external/iptables" />
  <project path="external/iputils" name="platform/external/iputils" />
  <project path="external/jack" name="platform/external/jack" />
  <project path="external/javasqlite" name="platform/external/javasqlite" />
  <project path="external/javassist" name="platform/external/javassist" />
  <project path="external/jdiff" name="platform/external/jdiff" />
  <project path="external/jhead" name="platform/external/jhead" groups="pdk" />
  <project path="external/jmdns" name="platform/external/jmdns" />
  <project path="external/jmonkeyengine" name="platform/external/jmonkeyengine" />
  <project path="external/jpeg" name="SlimRoms/android_external_jpeg" remote="github" revision="kk4.4" />
  <project path="external/jsilver" name="platform/external/jsilver" />
  <project path="external/jsr305" name="platform/external/jsr305" />
  <project path="external/junit" name="platform/external/junit" />
  <project path="external/kernel-headers" name="platform/external/kernel-headers" />
  <project path="external/libcap-ng" name="platform/external/libcap-ng" />
  <project path="external/libexif" name="platform/external/libexif" />
  <project path="external/libffi" name="platform/external/libffi" />
  <project path="external/libgsm" name="platform/external/libgsm" groups="pdk" />
  <project path="external/liblzf" name="platform/external/liblzf" groups="pdk" />
  <project path="external/libmtp" name="platform/external/libmtp" />
  <project path="external/libnfc-nci" name="SlimRoms/android_external_libnfc-nci" remote="github" revision="kk4.4-caf" />
  <project path="external/libnfc-nxp" name="SlimRoms/android_external_libnfc-nxp" remote="github" revision="kk4.4-caf" />
  <project path="external/libnl-headers" name="platform/external/libnl-headers" groups="pdk" />
  <project path="external/libogg" name="platform/external/libogg" />
  <project path="external/libpcap" name="platform/external/libpcap" />
  <project path="external/libphonenumber" name="platform/external/libphonenumber" />
  <project path="external/libpng" name="platform/external/libpng" groups="pdk" />
  <project path="external/libppp" name="platform/external/libppp" />
  <project path="external/libselinux" name="platform/external/libselinux" groups="pdk" />
  <project path="external/libsepol" name="SlimRoms/android_external_libsepol" remote="github" revision="kk4.4" />
  <project path="external/libssh2" name="platform/external/libssh2" />
  <project path="external/libusb" name="platform/external/libusb" />
  <project path="external/libusb-compat" name="platform/external/libusb-compat" />
  <project path="external/libvorbis" name="platform/external/libvorbis" />
  <project path="external/libvpx" name="platform/external/libvpx" groups="pdk" />
  <project path="external/libxml2" name="SlimRoms/android_external_libxml2" remote="github" revision="kk4.4" />
  <project path="external/libxslt" name="platform/external/libxslt" />
  <project path="external/libyuv" name="platform/external/libyuv" groups="libyuv" />
  <project path="external/linux-tools-perf" name="platform/external/linux-tools-perf" />
  <project path="external/littlemock" name="platform/external/littlemock" />
  <project path="external/llvm" name="SlimRoms/android_external_llvm" remote="github" revision="kk4.4" />
  <project path="external/lzma" name="platform/external/lzma" />
  <project path="external/marisa-trie" name="platform/external/marisa-trie" />
  <project path="external/markdown" name="platform/external/markdown" />
  <project path="external/mdnsresponder" name="platform/external/mdnsresponder" groups="pdk" />
  <project path="external/mesa3d" name="platform/external/mesa3d" />
  <project path="external/mksh" name="platform/external/mksh" groups="pdk" />
  <project path="external/mockito" name="platform/external/mockito" />
  <project path="external/mockwebserver" name="platform/external/mockwebserver" />
  <project path="external/mp4parser" name="platform/external/mp4parser" />
  <project path="external/mtpd" name="platform/external/mtpd" />
  <project path="external/naver-fonts" name="platform/external/naver-fonts" />
  <project path="external/netcat" name="platform/external/netcat" />
  <project path="external/netperf" name="platform/external/netperf" />
  <project path="external/neven" name="platform/external/neven" />
  <project path="external/nist-pkits" name="platform/external/nist-pkits" />
  <project path="external/nist-sip" name="platform/external/nist-sip" />
  <project path="external/noto-fonts" name="platform/external/noto-fonts" />
  <project path="external/oauth" name="platform/external/oauth" />
  <project path="external/objenesis" name="platform/external/objenesis" />
  <project path="external/okhttp" name="platform/external/okhttp" />
  <project path="external/open-vcdiff" name="platform/external/open-vcdiff" />
  <project path="external/opencv" name="platform/external/opencv" />
  <project path="external/openfst" name="platform/external/openfst" />
  <project path="external/openssh" name="platform/external/openssh" />
  <project path="external/openssl" name="SlimRoms/android_external_openssl" remote="github" revision="kk4.4" />
  <project path="external/oprofile" name="platform/external/oprofile" />
  <project path="external/pixman" name="platform/external/pixman" />
  <project path="external/ppp" name="platform/external/ppp" />
  <project path="external/proguard" name="platform/external/proguard" groups="pdk-java" />
  <project path="external/protobuf" name="platform/external/protobuf" groups="pdk" />
  <project path="external/qemu" name="platform/external/qemu" />
  <project path="external/qemu-pc-bios" name="platform/external/qemu-pc-bios" />
  <project path="external/regex-re2" name="platform/external/regex-re2" />
  <project path="external/replicaisland" name="platform/external/replicaisland" />
  <project path="external/robolectric" name="platform/external/robolectric" />
  <project path="external/safe-iop" name="platform/external/safe-iop" groups="pdk" />
  <project path="external/scrypt" name="platform/external/scrypt" groups="pdk" />
  <project path="external/sepolicy" name="SlimRoms/android_external_sepolicy" remote="github" revision="kk4.4" />
  <project path="external/sfntly" name="platform/external/sfntly" />
  <project path="external/sil-fonts" name="platform/external/sil-fonts" />
  <project path="external/skia" name="SlimRoms/android_external_skia" remote="github" revision="kk4.4" />
  <project path="external/smack" name="platform/external/smack" />
  <project path="external/smali" name="platform/external/smali" />
  <project path="external/sonivox" name="platform/external/sonivox" groups="pdk" />
  <project path="external/speex" name="platform/external/speex" groups="pdk" />
  <project path="external/sqlite" name="platform/external/sqlite" groups="pdk" />
  <project path="external/srec" name="SlimRoms/android_external_srec" remote="github" revision="kk4.4" />
  <project path="external/srtp" name="platform/external/srtp" />
  <project path="external/stlport" name="platform/external/stlport" groups="pdk" />
  <project path="external/strace" name="platform/external/strace" />
  <project path="external/stressapptest" name="platform/external/stressapptest" />
  <project path="external/svox" name="platform/external/svox" />
  <project path="external/tagsoup" name="platform/external/tagsoup" />
  <project path="external/tcpdump" name="platform/external/tcpdump" />
  <project path="external/timezonepicker-support" name="platform/external/timezonepicker-support" />
  <project path="external/tinyalsa" name="SlimRoms/android_external_tinyalsa" remote="github" revision="kk4.4" />
  <project path="external/tinycompress" name="platform/external/tinycompress" groups="pdk" />
  <project path="external/tinyxml" name="platform/external/tinyxml" groups="pdk" />
  <project path="external/tinyxml2" name="platform/external/tinyxml2" groups="pdk" />
  <project path="external/tremolo" name="platform/external/tremolo" groups="pdk" />
  <project path="external/v8" name="platform/external/v8" />
  <project path="external/valgrind" name="platform/external/valgrind" groups="pdk" />
  <project path="external/webp" name="platform/external/webp" />
  <project path="external/webrtc" name="platform/external/webrtc" groups="pdk" />
  <project path="external/wpa_supplicant_8" name="SlimRoms/android_external_wpa_supplicant_8" remote="github" revision="kk4.4" />
  <project path="external/xmlwriter" name="platform/external/xmlwriter" />
  <project path="external/xmp_toolkit" name="platform/external/xmp_toolkit" />
  <project path="external/yaffs2" name="SlimRoms/android_external_yaffs2" remote="github" revision="kk4.4" />
  <project path="external/zlib" name="SlimRoms/android_external_zlib" remote="github" revision="kk4.4" />
  <project path="external/zxing" name="platform/external/zxing" />
  <!-- project path="frameworks/av" name="SlimRoms/frameworks_av" remote="github" revision="kk4.4-caf" / -->
  <project path="frameworks/base" name="SlimRoms/frameworks_base" remote="github" revision="kk4.4-caf" />
  <project path="frameworks/compile/libbcc" name="platform/frameworks/compile/libbcc" groups="pdk" />
  <project path="frameworks/compile/mclinker" name="SlimRoms/frameworks_compile_mclinker" remote="github" revision="kk4.4" />
  <project path="frameworks/compile/slang" name="platform/frameworks/compile/slang" groups="pdk" />
  <project path="frameworks/ex" name="SlimRoms/frameworks_ex" remote="github" revision="kk4.4" />
  <project path="frameworks/mff" name="platform/frameworks/mff" />
  <project path="frameworks/ml" name="platform/frameworks/ml" />
  <!-- project path="frameworks/native" name="SlimRoms/frameworks_native" remote="github" revision="kk4.4-caf" / -->
  <project path="frameworks/opt/calendar" name="platform/frameworks/opt/calendar" />
  <project path="frameworks/opt/carddav" name="platform/frameworks/opt/carddav" />
  <project path="frameworks/opt/cards" name="SlimRoms/frameworks_opt_cards" remote="github" revision="kk4.4" />
  <project path="frameworks/opt/colorpicker" name="platform/frameworks/opt/colorpicker" />
  <project path="frameworks/opt/datetimepicker" name="SlimRoms/frameworks_opt_datetimepicker" remote="github" revision="kk4.4" />
  <project path="frameworks/opt/emoji" name="platform/frameworks/opt/emoji" />
  <project path="frameworks/opt/inputmethodcommon" name="platform/frameworks/opt/inputmethodcommon" />
  <project path="frameworks/opt/mailcommon" name="platform/frameworks/opt/mailcommon" />
  <project path="frameworks/opt/mms" name="platform/frameworks/opt/mms" />
  <project path="frameworks/opt/net/voip" name="platform/frameworks/opt/net/voip" />
  <project path="frameworks/opt/photoviewer" name="platform/frameworks/opt/photoviewer" />
  <project path="frameworks/opt/timezonepicker" name="SlimRoms/frameworks_opt_timezonepicker" remote="github" revision="kk4.4" />
  <project path="frameworks/opt/telephony" name="SlimRoms/frameworks_opt_telephony" remote="github" revision="kk4.4" />
  <project path="frameworks/opt/vcard" name="SlimRoms/android_frameworks_opt_vcard" remote="github" revision="kk4.4" />
  <project path="frameworks/opt/widget" name="platform/frameworks/opt/widget" />
  <project path="frameworks/rs" name="SlimRoms/frameworks_rs" remote="github" revision="kk4.4" groups="pdk" />
  <project path="frameworks/support" name="platform/frameworks/support" />
  <project path="frameworks/testing" name="platform/frameworks/testing" />
  <project path="frameworks/volley" name="platform/frameworks/volley" />
  <project path="frameworks/webview" name="platform/frameworks/webview" />
  <project path="frameworks/wilhelm" name="platform/frameworks/wilhelm" />
  <project path="hardware/akm" name="platform/hardware/akm" />
  <project path="hardware/broadcom/libbt" name="SlimRoms/hardware_broadcom_libbt" remote="github" revision="kk4.4" />
  <project path="hardware/broadcom/wlan" name="SlimRoms/hardware_broadcom_wlan" remote="github" revision="kk4.4" />
  <project path="hardware/invensense" name="platform/hardware/invensense" groups="invensense" />
  <project path="hardware/libhardware" name="SlimRoms/hardware_libhardware" remote="github" revision="kk4.4-caf" />
  <project path="hardware/libhardware_legacy" name="SlimRoms/hardware_libhardware_legacy" remote="github" revision="kk4.4-caf" />
  <project path="hardware/qcom/audio" name="SlimRoms/hardware_qcom_audio" remote="github" revision="kk4.4" />
  <project path="hardware/qcom/bt" name="SlimRoms/hardware_qcom_bt" remote="github" revision="kk4.4-caf" />
  <project path="hardware/qcom/camera" name="SlimRoms/hardware_qcom_camera" remote="github" revision="kk4.4" />
  <project path="hardware/qcom/display" name="SlimRoms/hardware_qcom_display" remote="github" revision="kk4.4" />
  <project path="hardware/qcom/fm" name="SlimRoms/hardware_qcom_fm" remote="github" revision="kk4.4" />
  <project path="hardware/qcom/gps" name="SlimRoms/hardware_qcom_gps" remote="github" revision="kk4.4" />
  <project path="hardware/qcom/keymaster" name="SlimRoms/hardware_qcom_keymaster" remote="github" revision="kk4.4" />
  <project path="hardware/qcom/media" name="SlimRoms/hardware_qcom_media" remote="github" revision="kk4.4" />
  <project path="hardware/qcom/msm8960" name="platform/hardware/qcom/msm8960" groups="qcom_msm8960" />
  <project path="hardware/qcom/msm8x74" name="platform/hardware/qcom/msm8x74" groups="qcom_msm8x74" />
  <project path="hardware/qcom/power" name="SlimRoms/hardware_qcom_power" remote="github" revision="kk4.4" />
  <project path="hardware/qcom/sensors" name="platform/hardware/qcom/sensors" groups="qcom" />
  <project path="hardware/qcom/wlan" name="SlimRoms/hardware_qcom_wlan" remote="github" revision="kk4.4-caf" />
  <project path="hardware/ril" name="SlimRoms/hardware_ril" remote="github" revision="kk4.4" />
  <project path="libcore" name="SlimRoms/android_libcore" remote="github" revision="kk4.4" />
  <project path="libnativehelper" name="platform/libnativehelper" groups="pdk-java" />
  <project path="ndk" name="platform/ndk" />
  <project path="packages/apps/BasicSmsReceiver" name="platform/packages/apps/BasicSmsReceiver" />
  <project path="packages/apps/Bluetooth" name="SlimRoms/packages_apps_Bluetooth" remote="github" revision="kk4.4-caf" />
  <project path="packages/apps/BluetoothExt" name="SlimRoms/packages_apps_BluetoothExt" remote="github" revision="kk4.4" />
  <project path="packages/apps/Browser" name="SlimRoms/packages_apps_Browser" remote="github" revision="kk4.4" />
  <project path="packages/apps/Calculator" name="SlimRoms/packages_apps_Calculator" remote="github" revision="kk4.4" />
  <project path="packages/apps/Calendar" name="SlimRoms/packages_apps_Calendar" remote="github" revision="kk4.4" />
  <project path="packages/apps/Camera" name="SlimRoms/packages_apps_Camera" remote="github" revision="kk4.4" />
  <project path="packages/apps/Camera2" name="SlimRoms/packages_apps_Camera2" remote="github" revision="kk4.4" />
  <project path="packages/apps/CellBroadcastReceiver" name="platform/packages/apps/CellBroadcastReceiver" />
  <project path="packages/apps/CertInstaller" name="platform/packages/apps/CertInstaller" />
  <project path="packages/apps/Contacts" name="SlimRoms/packages_apps_Contacts" remote="github" revision="kk4.4" />
  <project path="packages/apps/ContactsCommon" name="SlimRoms/packages_apps_ContactsCommon" remote="github" revision="kk4.4" />
  <project path="packages/apps/DeskClock" name="SlimRoms/packages_apps_DeskClock" remote="github" revision="kk4.4" />
  <project path="packages/apps/Dialer" name="SlimRoms/packages_apps_Dialer" remote="github" revision="kk4.4" />
  <project path="packages/apps/Email" name="SlimRoms/packages_apps_Email" remote="github" revision="kk4.4" />
  <project path="packages/apps/Exchange" name="SlimRoms/packages_apps_Exchange" remote="github" revision="kk4.4" />
  <project path="packages/apps/Gallery" name="platform/packages/apps/Gallery" />
  <project path="packages/apps/Gallery2" name="SlimRoms/packages_apps_Gallery2" remote="github" revision="kk4.4" />
  <project path="packages/apps/HTMLViewer" name="platform/packages/apps/HTMLViewer" />
  <project path="packages/apps/InCallUI" name="SlimRoms/packages_apps_InCallUI" remote="github" revision="kk4.4" />
  <project path="packages/apps/KeyChain" name="platform/packages/apps/KeyChain" />
  <project path="packages/apps/Launcher2" name="platform/packages/apps/Launcher2" />
  <project path="packages/apps/Launcher3" name="platform/packages/apps/Launcher3" />
  <project path="packages/apps/LegacyCamera" name="platform/packages/apps/LegacyCamera" />
  <project path="packages/apps/Mms" name="SlimRoms/packages_apps_Mms" remote="github" revision="kk4.4" />
  <project path="packages/apps/Music" name="platform/packages/apps/Music" />
  <project path="packages/apps/MusicFX" name="SlimRoms/packages_apps_MusicFX" remote="github" revision="kk4.4" />
  <project path="packages/apps/Nfc" name="SlimRoms/packages_apps_Nfc" remote="github" revision="kk4.4-caf" />
  <project path="packages/apps/OneTimeInitializer" name="platform/packages/apps/OneTimeInitializer" />
  <project path="packages/apps/PackageInstaller" name="platform/packages/apps/PackageInstaller" />
  <project path="packages/apps/Phone" name="SlimRoms/packages_apps_Phone" remote="github" revision="kk4.4" />
  <project path="packages/apps/PhoneCommon" name="platform/packages/apps/PhoneCommon" />
  <project path="packages/apps/Protips" name="platform/packages/apps/Protips" />
  <project path="packages/apps/Provision" name="SlimRoms/packages_apps_Provision" remote="github" revision="kk4.4" />
  <project path="packages/apps/QuickSearchBox" name="platform/packages/apps/QuickSearchBox" />
  <project path="packages/apps/Settings" name="SlimRoms/packages_apps_Settings" remote="github" revision="kk4.4-caf" />
  <project path="packages/apps/SmartCardService" name="platform/packages/apps/SmartCardService" />
  <project path="packages/apps/SoundRecorder" name="SlimRoms/packages_apps_SoundRecorder" remote="github" revision="kk4.4" />
  <project path="packages/apps/SpareParts" name="platform/packages/apps/SpareParts" />
  <project path="packages/apps/SpeechRecorder" name="platform/packages/apps/SpeechRecorder" />
  <project path="packages/apps/Stk" name="platform/packages/apps/Stk" />
  <project path="packages/apps/Tag" name="platform/packages/apps/Tag" />
  <project path="packages/apps/Torch" name="SlimRoms/packages_apps_Torch" remote="github" revision="kk4.4" />
  <project path="packages/apps/UnifiedEmail" name="SlimRoms/packages_apps_UnifiedEmail" remote="github" revision="kk4.4" />
  <project path="packages/apps/VideoEditor" name="platform/packages/apps/VideoEditor" />
  <project path="packages/apps/VoiceDialer" name="SlimRoms/packages_apps_VoiceDialer" remote="github" revision="kk4.4" />
  <project path="packages/experimental" name="platform/packages/experimental" />
  <project path="packages/inputmethods/LatinIME" name="SlimRoms/packages_inputmethods_LatinIME" remote="github" revision="kk4.4" />
  <project path="packages/inputmethods/OpenWnn" name="platform/packages/inputmethods/OpenWnn" />
  <project path="packages/inputmethods/PinyinIME" name="platform/packages/inputmethods/PinyinIME" />
  <project path="packages/providers/ApplicationsProvider" name="platform/packages/providers/ApplicationsProvider" />
  <project path="packages/providers/CalendarProvider" name="SlimRoms/packages_providers_CalendarProvider" remote="github" revision="kk4.4" />
  <project path="packages/providers/ContactsProvider" name="SlimRoms/packages_providers_ContactsProvider" remote="github" revision="kk4.4" />
  <project path="packages/providers/DownloadProvider" name="SlimRoms/packages_providers_DownloadProvider" remote="github" revision="kk4.4" />
  <project path="packages/providers/MediaProvider" name="SlimRoms/packages_providers_MediaProvider" remote="github" revision="kk4.4" />
  <project path="packages/providers/PartnerBookmarksProvider" name="platform/packages/providers/PartnerBookmarksProvider" />
  <project path="packages/providers/TelephonyProvider" name="SlimRoms/packages_providers_TelephonyProvider" remote="github" revision="kk4.4" />
  <project path="packages/providers/UserDictionaryProvider" name="platform/packages/providers/UserDictionaryProvider" />
  <project path="packages/screensavers/Basic" name="platform/packages/screensavers/Basic" />
  <project path="packages/screensavers/PhotoTable" name="platform/packages/screensavers/PhotoTable" />
  <project path="packages/screensavers/WebView" name="platform/packages/screensavers/WebView" />
  <project path="packages/services/Telephony" name="SlimRoms/packages_services_Telephony" remote="github" revision="kk4.4" />
  <project path="packages/wallpapers/Basic" name="platform/packages/wallpapers/Basic" />
  <project path="packages/wallpapers/Galaxy4" name="platform/packages/wallpapers/Galaxy4" />
  <project path="packages/wallpapers/HoloSpiral" name="platform/packages/wallpapers/HoloSpiral" />
  <project path="packages/wallpapers/LivePicker" name="platform/packages/wallpapers/LivePicker" />
  <project path="packages/wallpapers/MagicSmoke" name="platform/packages/wallpapers/MagicSmoke" />
  <project path="packages/wallpapers/MusicVisualization" name="platform/packages/wallpapers/MusicVisualization" />
  <project path="packages/wallpapers/NoiseField" name="platform/packages/wallpapers/NoiseField" />
  <project path="packages/wallpapers/PhaseBeam" name="SlimRoms/packages_wallpapers_PhaseBeam" remote="github" revision="kk4.4" />
  <project path="pdk" name="platform/pdk" groups="pdk" />
  <project path="prebuilts/clang/linux-x86/3.1" name="platform/prebuilts/clang/linux-x86/3.1" groups="pdk,linux" />
  <project path="prebuilts/clang/linux-x86/3.2" name="platform/prebuilts/clang/linux-x86/3.2" groups="pdk,linux" />
  <project path="prebuilts/clang/linux-x86/arm/3.3" name="platform/prebuilts/clang/linux-x86/arm/3.3" groups="linux,arm" />
  <project path="prebuilts/clang/linux-x86/host/3.3" name="platform/prebuilts/clang/linux-x86/host/3.3" groups="linux" />
  <project path="prebuilts/clang/linux-x86/x86/3.3" name="platform/prebuilts/clang/linux-x86/x86/3.3" groups="linux,x86" />
  <project path="prebuilts/devtools" name="platform/prebuilts/devtools" />
  <project path="prebuilts/eclipse" name="platform/prebuilts/eclipse" groups="pdk" />
  <project path="prebuilts/eclipse-build-deps" name="platform/prebuilts/eclipse-build-deps" groups="notdefault,eclipse" />
  <project path="prebuilts/eclipse-build-deps-sources" name="platform/prebuilts/eclipse-build-deps-sources" groups="notdefault,eclipse" />
  <project path="prebuilts/gcc/linux-x86/arm/arm-eabi-4.6" name="platform/prebuilts/gcc/linux-x86/arm/arm-eabi-4.6" groups="pdk,linux,arm" />
  <project path="prebuilts/gcc/linux-x86/arm/arm-eabi-4.7" name="platform/prebuilts/gcc/linux-x86/arm/arm-eabi-4.7" groups="pdk,linux,arm" />
  <project path="prebuilts/gcc/linux-x86/arm/arm-linux-androideabi-4.6" name="platform/prebuilts/gcc/linux-x86/arm/arm-linux-androideabi-4.6" groups="pdk,linux,arm" />
  <project path="prebuilts/gcc/linux-x86/arm/arm-linux-androideabi-4.7" name="platform/prebuilts/gcc/linux-x86/arm/arm-linux-androideabi-4.7" groups="pdk,linux,arm" />
  <project path="prebuilts/gcc/linux-x86/host/i686-linux-glibc2.7-4.4.3" name="platform/prebuilts/gcc/linux-x86/host/i686-linux-glibc2.7-4.4.3" groups="pdk,linux" />
  <project path="prebuilts/gcc/linux-x86/host/i686-linux-glibc2.7-4.6" name="platform/prebuilts/gcc/linux-x86/host/i686-linux-glibc2.7-4.6" groups="pdk,linux" />
  <project path="prebuilts/gcc/linux-x86/host/x86_64-linux-glibc2.7-4.6" name="platform/prebuilts/gcc/linux-x86/host/x86_64-linux-glibc2.7-4.6" groups="pdk,linux" />
  <project path="prebuilts/gcc/linux-x86/x86/i686-linux-android-4.6" name="platform/prebuilts/gcc/linux-x86/x86/i686-linux-android-4.6" groups="pdk,linux,x86" />
  <project path="prebuilts/gcc/linux-x86/x86/i686-linux-android-4.7" name="platform/prebuilts/gcc/linux-x86/x86/i686-linux-android-4.7" groups="pdk,linux,x86" />
  <project path="prebuilts/gcc/linux-x86/x86/x86_64-linux-android-4.7" name="platform/prebuilts/gcc/linux-x86/x86/x86_64-linux-android-4.7" groups="pdk,linux,x86" />
  <project path="prebuilts/gradle-plugin" name="platform/prebuilts/gradle-plugin" />
  <project path="prebuilts/maven_repo/android" name="platform/prebuilts/maven_repo/android" />
  <project path="prebuilts/misc" name="platform/prebuilts/misc" groups="pdk" />
  <project path="prebuilts/ndk" name="platform/prebuilts/ndk" groups="pdk" />
  <project path="prebuilts/python/darwin-x86/2.7.5" name="platform/prebuilts/python/darwin-x86/2.7.5" groups="darwin" />
  <project path="prebuilts/python/linux-x86/2.7.5" name="platform/prebuilts/python/linux-x86/2.7.5" groups="linux" />
  <project path="prebuilts/qemu-kernel" name="platform/prebuilts/qemu-kernel" groups="pdk" />
  <project path="prebuilts/runtime" name="platform/prebuilts/runtime" />
  <project path="prebuilts/sdk" name="platform/prebuilts/sdk" groups="pdk" />
  <project path="prebuilts/tools" name="platform/prebuilts/tools" groups="pdk,tools" />
  <project path="sdk" name="platform/sdk" />
  <project path="system/core" name="SlimRoms/android_system_core" remote="github" revision="kk4.4-caf" />
  <project path="system/extras" name="SlimRoms/android_system_extras" remote="github" revision="kk4.4" />
  <project path="system/media" name="SlimRoms/android_system_media" remote="github" revision="kk4.4" />
  <project path="system/netd" name="SlimRoms/android_system_netd" remote="github" revision="kk4.4" />
  <project path="system/security" name="platform/system/security" groups="pdk" />
  <project path="system/vold" name="SlimRoms/android_system_vold" remote="github" revision="kk4.4" />
  <project path="tools/adt/eclipse" name="platform/tools/adt/eclipse" groups="notdefault,tools" />
  <project path="tools/adt/idea" name="platform/tools/adt/idea" groups="notdefault,tools" />
  <project path="tools/base" name="platform/tools/base" groups="notdefault,tools" />
  <project path="tools/build" name="platform/tools/build" groups="notdefault,tools" />
  <project path="tools/emulator" name="platform/tools/emulator" groups="notdefault,tools" />
  <project path="tools/external/fat32lib" name="platform/tools/external/fat32lib" groups="tools" />
  <project path="tools/external/gradle" name="platform/tools/external/gradle" groups="tools" />
  <project path="tools/idea" name="platform/tools/idea" groups="notdefault,tools" />
  <project path="tools/motodev" name="platform/tools/motodev" groups="notdefault,motodev" />
  <project path="tools/studio/cloud" name="platform/tools/studio/cloud" groups="notdefault,tools" />
  <project path="tools/swt" name="platform/tools/swt" groups="notdefault,tools" />

  <project path="platform_manifest" name="SlimRoms/platform_manifest" remote="github" revision="kk4.4-caf" />

  <!-- New Additions for slim -->
  <project path="vendor/slim" name="SlimRoms/vendor_slim" remote="github" revision="kk4.4" />

  <!-- Slim OTA -->
  <project path="packages/apps/SlimCenter" name="SlimRoms/packages_apps_SlimCenter" remote="github" revision="kk4.4" />

  <!-- Slim file manager -->
  <project path="packages/apps/SlimFileManager" name="SlimRoms/packages_apps_SlimFileManager" remote="github" revision="kk4.4" />

  <!-- SlimLauncher -->
  <project path="packages/apps/SlimLauncher" name="SlimRoms/packages_apps_SlimLauncher" remote="github" revision="kk4.4" />

  <!-- DSPManager -->
  <project path="packages/apps/DSPManager" name="SlimRoms/packages_apps_DSPManager" remote="github" revision="kk4.4" />

  <!--Power Hal -->
  <project path="hardware/cm" name="SlimRoms/hardware_cm" remote="github" revision="kk4.4" />

  <!-- Slim toolchain gcc and linaro -->
  <project path="prebuilt" name="SlimRoms/android_prebuilt" remote="github" revision="kk4.4" />

  <!-- DashClock widget -->
  <project path="packages/apps/DashClock" name="SlimRoms/packages_apps_DashClock" remote="github" revision="kk4.4" />

  <!-- Google play services -->
  <project path="external/google/google_play_services" name="SlimRoms/android_external_google_google_play_services" remote="github" revision="kk4.4" />

  <!-- Koush Superuser -->
  <project path="external/koush/Superuser" name="SlimRoms/Superuser" remote="github" revision="kk4.4" />
  <project path="external/koush/Widgets" name="CyanogenMod/Widgets" remote="github" revision="cm-11.0" />

  <!--CyanogenMod SamsungServiceMode -->
  <project path="packages/apps/SamsungServiceMode" name="CyanogenMod/android_packages_apps_SamsungServiceMode" remote="github" revision="cm-11.0" />

  <!-- CyanogenMod qrngd -->
  <project path="external/qrngd" name="SlimRoms/android_external_qrngd" remote="github" revision="kk4.4" />

  <!-- CyanogenMod ffmpeg -->
  <project path="external/ffmpeg" name="SlimRoms/android_external_ffmpeg" remote="github" revision="kk4.4" />
  <project path="external/stagefright-plugins" name="SlimRoms/android_external_stagefright-plugins" remote="github" revision="kk4.4-caf" />

  <!-- CyanogenMod Ant -->
  <project path="external/ant-wireless/ant_native" name="CyanogenMod/android_external_ant-wireless_ant_native" remote="github" revision="cm-11.0" />
  <project path="external/ant-wireless/ant_service" name="CyanogenMod/android_external_ant-wireless_ant_service" remote="github" revision="cm-11.0" />
  <project path="external/ant-wireless/antradio-library" name="CyanogenMod/android_external_ant-wireless_antradio-library" remote="github" revision="cm-11.0" />

  <!-- chil360's legacy rework -->
   <!-- Slim Build and Vendor (Modified Build String) -->
   <!-- project path="vendor/slimy300" name="chil360/vendor_slim" remote="github" revision="kk4.4" / -->
   <!-- project path="buildy300" name="chil360/android_build" remote="github" revision="kk4.4" / -->
   
     <!-- Device Folders, Kernel & Proprietary BLOBS -->
     <project path="vendor/huawei" name="chil360/proprietary_vendor_huawei" remote="github" revision="kitkat"/>
     <project path="kernel/huawei/huawei-kernel-3.4" name="chil360/chil360-kernel" remote="github" revision="kitkat"/>
     <project path="device/huawei/msm7x27a-common" name="chil360/android_device_huawei_msm7x27a-common" remote="github" revision="slimkat"/>
     <project path="device/huawei/u8833" name="chil360/android_device_huawei_u8833" remote="github" revision="slimkat"/>
     <project path="device/huawei/u8951" name="chil360/android_device_huawei_u8951" remote="github" revision="slimkat"/>
     <project path="device/huawei/u8825" name="chil360/android_device_huawei_u8825" remote="github" revision="slimkat"/>

     <!-- WIFI -->
     <project path="hardware/atheros/wifi/ath6kl-huawei" name="Dazzozo/android_hardware_atheros_wifi_ath6kl-huawei" remote="github" revision="master" />
     <project path="hardware/atheros/wlan" name="legaCyMod/android_hardware_atheros_wlan" remote="github" revision="cm-11.0" />

     <!-- GPS -->
     <!-- project path="hardware/qcom/gpsy300" name="chil360/android_hardware_qcom_gps" remote="github" revision="kitkat" / -->

     <!-- QCOM Hardware -->
     <project path="hardware/qcom/display-legacy" name="Dazzozo/android_hardware_qcom_display-legacy" remote="github" revision="jellybean-mr2" />
     <project path="hardware/qcom/media-legacy" name="Dazzozo/android_hardware_qcom_media-legacy" remote="github" revision="kitkat" />

     <!-- Frameworks -->
     <project path="frameworks/av" name="chil360/frameworks_av" remote="github" revision="kk4.4-caf" />
     <project path="frameworks/native" name="chil360/frameworks_native" remote="github" revision="kk4.4-caf" />

     <!-- Webkit -->
     <project path="external/webkit" name="Dazzozo/android_external_webkit" remote="github" revision="kitkat"/>
     
  <project path="prebuilts/gcc/linux-x86/arm/arm-eabi-4.8" name="UBERTC/arm-eabi-4.9" remote="bb" revision="master" />
  <project path="prebuilts/gcc/linux-x86/arm/arm-linux-androideabi-4.8" name="UBERTC/arm-linux-androideabi-4.8" remote="bb" revision="master" />
</manifest>
